{
    "args": {
        "batch_size": 8,
        "dataset_name": "matres",
        "device": "cuda",
        "dirpath_log": "log",
        "dirpath_model": null,
        "dirpath_output": "output/benchmark",
        "dirpath_output_score": "output_score/benchmark",
        "filepath_test": "data/preprocessed/matres/test.json",
        "filepath_dev": "data/preprocessed/matres/dev.json",
        "inference_type": "few-shot",
        "local_rank": 0,
        "marker": null,
        "max_new_tokens": 5,
        "model_id": "meta-llama/Llama-2-13b-chat-hf",
        "num_demonstration": 1,
        "num_gpu": 2,
        "precision_type": "bfloat16",
        "representation": null,
        "seed": 7,
        "temperature": 0.0,
        "top_p": 1
    },
    "average": {
        "example-wise-scores": {
            "min": 0.16793627972227326,
            "median": 0.3357354237246377,
            "max": 0.3535686521021652
        }
    },
    "individuals": {
        "example-wise-scores": {
            "temporal_eid": {
                "AFTER": {
                    "precision": 0.24305555555555555,
                    "recall": 0.13011152416356878,
                    "f1-score": 0.16949152542372883,
                    "support": 269.0
                },
                "BEFORE": {
                    "precision": 0.4752851711026616,
                    "recall": 0.589622641509434,
                    "f1-score": 0.5263157894736842,
                    "support": 424.0
                },
                "EQUAL": {
                    "precision": 0.06944444444444445,
                    "recall": 0.16129032258064516,
                    "f1-score": 0.0970873786407767,
                    "support": 31.0
                },
                "VAGUE": {
                    "precision": 0.1702127659574468,
                    "recall": 0.1415929203539823,
                    "f1-score": 0.15458937198067632,
                    "support": 113.0
                },
                "null": {
                    "precision": 0.0,
                    "recall": 0.0,
                    "f1-score": 0.0,
                    "support": 0.0
                },
                "accuracy": 0.3655913978494624,
                "macro avg": {
                    "precision": 0.19159958741202168,
                    "recall": 0.20452348172152607,
                    "f1-score": 0.1894968131037732,
                    "support": 837.0
                },
                "weighted avg": {
                    "precision": 0.34443211149694414,
                    "recall": 0.3655913978494624,
                    "f1-score": 0.3455548660065778,
                    "support": 837.0
                }
            },
            "temporal_mention": {
                "AFTER": {
                    "precision": 0.2621359223300971,
                    "recall": 0.10037174721189591,
                    "f1-score": 0.14516129032258066,
                    "support": 269.0
                },
                "BEFORE": {
                    "precision": 0.49203187250996017,
                    "recall": 0.5825471698113207,
                    "f1-score": 0.5334773218142548,
                    "support": 424.0
                },
                "EQUAL": {
                    "precision": 0.024793388429752067,
                    "recall": 0.0967741935483871,
                    "f1-score": 0.039473684210526314,
                    "support": 31.0
                },
                "VAGUE": {
                    "precision": 0.18018018018018017,
                    "recall": 0.17699115044247787,
                    "f1-score": 0.17857142857142855,
                    "support": 113.0
                },
                "null": {
                    "precision": 0.0,
                    "recall": 0.0,
                    "f1-score": 0.0,
                    "support": 0.0
                },
                "micro avg": {
                    "precision": 0.3548387096774194,
                    "recall": 0.3548387096774194,
                    "f1-score": 0.35483870967741943,
                    "support": 837.0
                },
                "macro avg": {
                    "precision": 0.1918282726899979,
                    "recall": 0.19133685220281632,
                    "f1-score": 0.17933674498375804,
                    "support": 837.0
                },
                "weighted avg": {
                    "precision": 0.3587395847702532,
                    "recall": 0.3548387096774194,
                    "f1-score": 0.3424671770431493,
                    "support": 837.0
                }
            },
            "find_eid": {
                "AFTER": {
                    "precision": 0.20238095238095238,
                    "recall": 0.06319702602230483,
                    "f1-score": 0.0963172804532578,
                    "support": 269.0
                },
                "BEFORE": {
                    "precision": 0.49415204678362573,
                    "recall": 0.7971698113207547,
                    "f1-score": 0.6101083032490975,
                    "support": 424.0
                },
                "EQUAL": {
                    "precision": 0.037037037037037035,
                    "recall": 0.03225806451612903,
                    "f1-score": 0.034482758620689655,
                    "support": 31.0
                },
                "VAGUE": {
                    "precision": 0.17073170731707318,
                    "recall": 0.061946902654867256,
                    "f1-score": 0.09090909090909091,
                    "support": 113.0
                },
                "null": {
                    "precision": 0.0,
                    "recall": 0.0,
                    "f1-score": 0.0,
                    "support": 0.0
                },
                "accuracy": 0.4336917562724014,
                "macro avg": {
                    "precision": 0.18086034870373766,
                    "recall": 0.19091436090281116,
                    "f1-score": 0.16636348664642717,
                    "support": 837.0
                },
                "weighted avg": {
                    "precision": 0.33978706702713374,
                    "recall": 0.4336917562724014,
                    "f1-score": 0.3535686521021652,
                    "support": 837.0
                }
            },
            "find_mention": {
                "AFTER": {
                    "precision": 0.3170731707317073,
                    "recall": 0.19330855018587362,
                    "f1-score": 0.2401847575057737,
                    "support": 269.0
                },
                "BEFORE": {
                    "precision": 0.5112994350282486,
                    "recall": 0.4268867924528302,
                    "f1-score": 0.4652956298200514,
                    "support": 424.0
                },
                "EQUAL": {
                    "precision": 0.05116279069767442,
                    "recall": 0.3548387096774194,
                    "f1-score": 0.08943089430894308,
                    "support": 31.0
                },
                "VAGUE": {
                    "precision": 0.11538461538461539,
                    "recall": 0.10619469026548672,
                    "f1-score": 0.11059907834101382,
                    "support": 113.0
                },
                "null": {
                    "precision": 0.0,
                    "recall": 0.0,
                    "f1-score": 0.0,
                    "support": 0.0
                },
                "micro avg": {
                    "precision": 0.3058542413381123,
                    "recall": 0.3058542413381123,
                    "f1-score": 0.3058542413381123,
                    "support": 837.0
                },
                "macro avg": {
                    "precision": 0.19898400236844913,
                    "recall": 0.21624574851632197,
                    "f1-score": 0.18110207199515638,