{
    "args": {
        "batch_size": 8,
        "dataset_name": "matres",
        "device": "cuda",
        "dirpath_log": "log",
        "dirpath_model": null,
        "dirpath_output": "output/benchmark",
        "dirpath_output_score": "output_score/benchmark",
        "filepath_test": "data/preprocessed/matres/test.json",
        "filepath_dev": "data/preprocessed/matres/dev.json",
        "inference_type": "few-shot",
        "local_rank": 0,
        "marker": null,
        "max_new_tokens": 5,
        "model_id": "meta-llama/Llama-2-13b-chat-hf",
        "num_demonstration": 3,
        "num_gpu": 2,
        "precision_type": "bfloat16",
        "representation": null,
        "seed": 7,
        "temperature": 0.0,
        "top_p": 1
    },
    "average": {
        "example-wise-scores": {
            "min": 0.0619984167017761,
            "median": 0.23926154441975478,
            "max": 0.3325172687073707
        }
    },
    "individuals": {
        "example-wise-scores": {
            "temporal_eid": {
                "AFTER": {
                    "precision": 0.2756756756756757,
                    "recall": 0.1895910780669145,
                    "f1-score": 0.22466960352422907,
                    "support": 269.0
                },
                "BEFORE": {
                    "precision": 0.4627906976744186,
                    "recall": 0.4693396226415094,
                    "f1-score": 0.46604215456674475,
                    "support": 424.0
                },
                "EQUAL": {
                    "precision": 0.050359712230215826,
                    "recall": 0.22580645161290322,
                    "f1-score": 0.08235294117647059,
                    "support": 31.0
                },
                "VAGUE": {
                    "precision": 0.14814814814814814,
                    "recall": 0.10619469026548672,
                    "f1-score": 0.12371134020618556,
                    "support": 113.0
                },
                "null": {
                    "precision": 0.0,
                    "recall": 0.0,
                    "f1-score": 0.0,
                    "support": 0.0
                },
                "accuracy": 0.3213859020310633,
                "macro avg": {
                    "precision": 0.18739484674569165,
                    "recall": 0.19818636851736277,
                    "f1-score": 0.179355207894726,
                    "support": 837.0
                },
                "weighted avg": {
                    "precision": 0.34490072209150263,
                    "recall": 0.3213859020310633,
                    "f1-score": 0.3280410029917407,
                    "support": 837.0
                }
            },
            "temporal_mention": {
                "AFTER": {
                    "precision": 0.29608938547486036,
                    "recall": 0.1970260223048327,
                    "f1-score": 0.23660714285714285,
                    "support": 269.0
                },
                "BEFORE": {
                    "precision": 0.460093896713615,
                    "recall": 0.46226415094339623,
                    "f1-score": 0.4611764705882353,
                    "support": 424.0
                },
                "EQUAL": {
                    "precision": 0.05925925925925926,
                    "recall": 0.25806451612903225,
                    "f1-score": 0.0963855421686747,
                    "support": 31.0
                },
                "VAGUE": {
                    "precision": 0.15463917525773196,
                    "recall": 0.13274336283185842,
                    "f1-score": 0.14285714285714288,
                    "support": 113.0
                },
                "null": {
                    "precision": 0.0,
                    "recall": 0.0,
                    "f1-score": 0.0,
                    "support": 0.0
                },
                "micro avg": {
                    "precision": 0.3249701314217443,
                    "recall": 0.3249701314217443,
                    "f1-score": 0.3249701314217443,
                    "support": 837.0
                },
                "macro avg": {
                    "precision": 0.1940163433410933,
                    "recall": 0.21001961044182393,
                    "f1-score": 0.18740525969423913,
                    "support": 837.0
                },
                "weighted avg": {
                    "precision": 0.3513012195226654,
                    "recall": 0.3249701314217443,
                    "f1-score": 0.3325172687073707,
                    "support": 837.0
                }
            },
            "find_eid": {
                "AFTER": {
                    "precision": 0.24113475177304963,
                    "recall": 0.2527881040892193,
                    "f1-score": 0.2468239564428312,
                    "support": 269.0
                },
                "BEFORE": {
                    "precision": 0.4531590413943355,
                    "recall": 0.49056603773584906,
                    "f1-score": 0.4711211778029445,
                    "support": 424.0
                },
                "EQUAL": {
                    "precision": 0.03278688524590164,
                    "recall": 0.06451612903225806,
                    "f1-score": 0.043478260869565216,
                    "support": 31.0
                },
                "VAGUE": {
                    "precision": 0.10344827586206896,
                    "recall": 0.02654867256637168,
                    "f1-score": 0.04225352112676056,
                    "support": 113.0
                },
                "null": {
                    "precision": 0.0,
                    "recall": 0.0,
                    "f1-score": 0.0,
                    "support": 0.0
                },
                "accuracy": 0.33572281959378736,
                "macro avg": {
                    "precision": 0.16610579085507116,
                    "recall": 0.16688378868473963,
                    "f1-score": 0.16073538324842027,
                    "support": 837.0
                },
                "weighted avg": {
                    "precision": 0.322235042285765,
                    "recall": 0.33572281959378736,
                    "f1-score": 0.3252968908552575,
                    "support": 837.0
                }
            },
            "find_mention": {
                "AFTER": {
                    "precision": 0.3192771084337349,
                    "recall": 0.1970260223048327,
                    "f1-score": 0.24367816091954023,
                    "support": 269.0
                },
                "BEFORE": {
                    "precision": 0.44025157232704404,
                    "recall": 0.1650943396226415,
                    "f1-score": 0.24013722126929674,
                    "support": 424.0
                },
                "EQUAL": {
                    "precision": 0.03294117647058824,
                    "recall": 0.45161290322580644,
                    "f1-score": 0.06140350877192983,
                    "support": 31.0
                },
                "VAGUE": {
                    "precision": 0.09195402298850575,
                    "recall": 0.07079646017699115,
                    "f1-score": 0.08,
                    "support": 113.0
                },
                "null": {
                    "precision": 0.0,
                    "recall": 0.0,
                    "f1-score": 0.0,
                    "support": 0.0
                },
                "micro avg": {
                    "precision": 0.17323775388291518,
                    "recall": 0.17323775388291518,
                    "f1-score": 0.17323775388291518,
                    "support": 837.0
                },
                "macro avg": {
                    "precision": 0.1768847760439746,
                    "recall": 0.17690594506605437,
                    "f1-score": 0.12504377819215334,