{
    "args": {
        "batch_size": 8,
        "dataset_name": "matres",
        "device": "cuda",
        "dirpath_log": "log",
        "dirpath_model": null,
        "dirpath_output": "output/benchmark",
        "dirpath_output_score": "output_score/benchmark",
        "filepath_test": "data/preprocessed/matres/test.json",
        "filepath_dev": "data/preprocessed/matres/dev.json",
        "inference_type": "few-shot",
        "local_rank": 0,
        "marker": null,
        "max_new_tokens": 5,
        "model_id": "meta-llama/Llama-2-13b-chat-hf",
        "num_demonstration": 5,
        "num_gpu": 2,
        "precision_type": "bfloat16",
        "representation": null,
        "seed": 7,
        "temperature": 0.0,
        "top_p": 1
    },
    "average": {
        "example-wise-scores": {
            "min": 0.12795442862479278,
            "median": 0.2789104408597288,
            "max": 0.3582672728906451
        }
    },
    "individuals": {
        "example-wise-scores": {
            "temporal_eid": {
                "AFTER": {
                    "precision": 0.2543859649122807,
                    "recall": 0.10780669144981413,
                    "f1-score": 0.15143603133159267,
                    "support": 269.0
                },
                "BEFORE": {
                    "precision": 0.49645390070921985,
                    "recall": 0.660377358490566,
                    "f1-score": 0.5668016194331984,
                    "support": 424.0
                },
                "EQUAL": {
                    "precision": 0.023255813953488372,
                    "recall": 0.06451612903225806,
                    "f1-score": 0.034188034188034185,
                    "support": 31.0
                },
                "VAGUE": {
                    "precision": 0.1527777777777778,
                    "recall": 0.09734513274336283,
                    "f1-score": 0.11891891891891893,
                    "support": 113.0
                },
                "null": {
                    "precision": 0.0,
                    "recall": 0.0,
                    "f1-score": 0.0,
                    "support": 0.0
                },
                "accuracy": 0.3847072879330944,
                "macro avg": {
                    "precision": 0.18537469147055335,
                    "recall": 0.18600906234320022,
                    "f1-score": 0.17426892077434883,
                    "support": 837.0
                },
                "weighted avg": {
                    "precision": 0.3547324941261168,
                    "recall": 0.3847072879330944,
                    "f1-score": 0.35311570605202075,
                    "support": 837.0
                }
            },
            "temporal_mention": {
                "AFTER": {
                    "precision": 0.2709677419354839,
                    "recall": 0.15613382899628253,
                    "f1-score": 0.1981132075471698,
                    "support": 269.0
                },
                "BEFORE": {
                    "precision": 0.48428835489833644,
                    "recall": 0.6179245283018868,
                    "f1-score": 0.5430051813471503,
                    "support": 424.0
                },
                "EQUAL": {
                    "precision": 0.045454545454545456,
                    "recall": 0.0967741935483871,
                    "f1-score": 0.0618556701030928,
                    "support": 31.0
                },
                "VAGUE": {
                    "precision": 0.16,
                    "recall": 0.10619469026548672,
                    "f1-score": 0.12765957446808512,
                    "support": 113.0
                },
                "null": {
                    "precision": 0.0,
                    "recall": 0.0,
                    "f1-score": 0.0,
                    "support": 0.0
                },
                "micro avg": {
                    "precision": 0.3811230585424134,
                    "recall": 0.3811230585424134,
                    "f1-score": 0.3811230585424134,
                    "support": 837.0
                },
                "macro avg": {
                    "precision": 0.19214212845767314,
                    "recall": 0.19540544822240866,
                    "f1-score": 0.18612672669309957,
                    "support": 837.0
                },
                "weighted avg": {
                    "precision": 0.35569614810828043,
                    "recall": 0.3811230585424134,
                    "f1-score": 0.3582672728906451,
                    "support": 837.0
                }
            },
            "find_eid": {
                "AFTER": {
                    "precision": 0.21311475409836064,
                    "recall": 0.1449814126394052,
                    "f1-score": 0.17256637168141592,
                    "support": 269.0
                },
                "BEFORE": {
                    "precision": 0.4782608695652174,
                    "recall": 0.6485849056603774,
                    "f1-score": 0.5505505505505507,
                    "support": 424.0
                },
                "EQUAL": {
                    "precision": 0.027777777777777776,
                    "recall": 0.03225806451612903,
                    "f1-score": 0.029850746268656712,
                    "support": 31.0
                },
                "VAGUE": {
                    "precision": 0.12195121951219512,
                    "recall": 0.04424778761061947,
                    "f1-score": 0.06493506493506493,
                    "support": 113.0
                },
                "null": {
                    "precision": 0.0,
                    "recall": 0.0,
                    "f1-score": 0.0,
                    "support": 0.0
                },
                "accuracy": 0.3823178016726404,
                "macro avg": {
                    "precision": 0.1682209241907102,
                    "recall": 0.1740144340853062,
                    "f1-score": 0.16358054668713767,
                    "support": 837.0
                },
                "weighted avg": {
                    "precision": 0.3282581558710876,
                    "recall": 0.3823178016726404,
                    "f1-score": 0.34422559484793913,
                    "support": 837.0
                }
            },
            "find_mention": {
                "AFTER": {
                    "precision": 0.2727272727272727,
                    "recall": 0.2899628252788104,
                    "f1-score": 0.28108108108108104,
                    "support": 269.0
                },
                "BEFORE": {
                    "precision": 0.49130434782608695,
                    "recall": 0.2665094339622642,
                    "f1-score": 0.345565749235474,
                    "support": 424.0
                },
                "EQUAL": {
                    "precision": 0.044715447154471545,
                    "recall": 0.3548387096774194,
                    "f1-score": 0.07942238267148015,
                    "support": 31.0
                },
                "VAGUE": {
                    "precision": 0.13333333333333333,
                    "recall": 0.08849557522123894,
                    "f1-score": 0.10638297872340426,
                    "support": 113.0
                },
                "null": {
                    "precision": 0.0,
                    "recall": 0.0,
                    "f1-score": 0.0,
                    "support": 0.0
                },
                "micro avg": {
                    "precision": 0.2532855436081243,
                    "recall": 0.2532855436081243,
                    "f1-score": 0.2532855436081243,
                    "support": 837.0
                },
                "macro avg": {
                    "precision": 0.18841608020823292,
                    "recall": 0.19996130882794658,
                    "f1-score": 0.1624904383422879,