{
    "args": {
        "batch_size": 8,
        "dataset_name": "temporal-nli",
        "device": "cuda",
        "dirpath_log": "log",
        "dirpath_model": "/usr1/datasets/kimihiro/llm-for-event-temporal-ordering/models/temporal-nli/deberta-v3-large_bfloat16_ft_sequence_classification/seed7_bs16_lr0.0001_dimNone_alphaNone_dropNone",
        "dirpath_output": "output/benchmark",
        "dirpath_output_score": "output_score/benchmark",
        "filepath_test": "data/preprocessed/temporal_nli/test.json",
        "filepath_dev": null,
        "inference_type": "ft",
        "max_new_tokens": 64,
        "model_id": "microsoft/deberta-v3-large",
        "num_demonstration": 0,
        "num_gpu": 1,
        "peft_model_path": "None",
        "precision_type": "bfloat16",
        "seed": 7,
        "temperature": 0.0
    },
    "average": {
        "example-wise-scores": {
            "min": 0.7984331778897096,
            "median": 0.7984331778897096,
            "max": 0.7984331778897096
        }
    },
    "individuals": {
        "example-wise-scores": {
            "0": {
                "negative": {
                    "precision": 0.8212885154061624,
                    "recall": 0.8054945054945055,
                    "f1-score": 0.8133148404993065,
                    "support": 1820.0
                },
                "positive": {
                    "precision": 0.7717601547388782,
                    "recall": 0.7895778364116095,
                    "f1-score": 0.7805673296380828,
                    "support": 1516.0
                },
                "null": {
                    "precision": 0.0,
                    "recall": 0.0,
                    "f1-score": 0.0,
                    "support": 0.0
                },
                "micro avg": {
                    "precision": 0.7982613908872902,
                    "recall": 0.7982613908872902,
                    "f1-score": 0.7982613908872902,
                    "support": 3336.0
                },
                "macro avg": {
                    "precision": 0.5310162233816802,
                    "recall": 0.5316907806353717,
                    "f1-score": 0.5312940567124631,
                    "support": 3336.0
                },
                "weighted avg": {
                    "precision": 0.7987810229686316,
                    "recall": 0.7982613908872902,
                    "f1-score": 0.7984331778897096,
                    "support": 3336.0
                }
            }
        }
    }
}
